{"name":"ac890bcb-5952-461d-b266-a9a5b0f00b76","id":"/providers/Microsoft.Flow/flows/ac890bcb-5952-461d-b266-a9a5b0f00b76","type":"Microsoft.Flow/flows","properties":{"apiId":"/providers/Microsoft.PowerApps/apis/shared_logicflows","displayName":"PONTE A ELLO","definition":{"metadata":{"workflowEntityId":null,"processAdvisorMetadata":null,"flowChargedByPaygo":null,"migrationSourceId":"/subscriptions/4577412c-8a48-48ba-9f9d-7cb48b2e9744/resourceGroups/ecd2825910674317b53b95eaed55c025-defaultecd2825910674317b53b95eaed55c025-env/providers/Microsoft.Logic/workflows/ac890bcb-5952-461d-b266-a9a5b0f00b76-azshadow","flowclientsuspensionreason":"None","flowclientsuspensiontime":null,"flowclientsuspensionreasondetails":null,"creator":{"id":"fca475e9-5d73-4d31-b0b3-f2f13c051810","type":"User","tenantId":"ecd28259-1067-4317-b53b-95eaed55c025"},"provisioningMethod":"FromDefinition","failureAlertSubscription":true,"clientLastModifiedTime":"2025-06-03T11:37:43.6650188Z","connectionKeySavedTimeKey":"2025-06-03T11:37:43.6650188Z","creationSource":"Portal","modifiedSources":"Portal"},"$schema":"https://schema.management.azure.com/providers/Microsoft.Logic/schemas/2016-06-01/workflowdefinition.json#","contentVersion":"undefined","parameters":{"$authentication":{"defaultValue":{},"type":"SecureObject"},"$connections":{"defaultValue":{},"type":"Object"}},"triggers":{"manual":{"type":"Request","kind":"Button","inputs":{"schema":{"type":"object","properties":{},"required":[]}}}},"actions":{"ListMyTasks":{"runAfter":{},"metadata":{"flowSystemMetadata":{"portalOperationIconOverride":"https://conn-afd-prod-endpoint-bmc9bqahasf3grgk.b01.azurefd.net/v1.0.1751/1.0.1751.4207/planner/icon.png","portalOperationBrandColorOverride":"","portalOperationId":"/providers/Microsoft.PowerApps/apis/shared_planner/apiOperations/ListMyTasks_V2"}},"type":"OpenApiConnection","inputs":{"host":{"apiId":"/providers/Microsoft.PowerApps/apis/shared_planner","connectionName":"shared_planner","operationId":"ListMyTasks_V2"},"authentication":{"value":"@json(decodeBase64(triggerOutputs().headers['X-MS-APIM-Tokens']))['$ConnectionKey']","type":"Raw"}},"description":"Retrieve all pending tasks from Planner and store them in a JSON variable called TASKS."},"GetCalendarEvents":{"runAfter":{"Initialize_variable":["Succeeded"]},"metadata":{"flowSystemMetadata":{"portalOperationIconOverride":"https://conn-afd-prod-endpoint-bmc9bqahasf3grgk.b01.azurefd.net/v1.0.1751/1.0.1751.4216/office365/icon.png","portalOperationBrandColorOverride":"#0078D4","portalOperationId":"/providers/Microsoft.PowerApps/apis/shared_office365/apiOperations/GetEventsCalendarViewV3"}},"type":"OpenApiConnection","inputs":{"parameters":{"calendarId":"AAMkADZhNTIzNzJjLTNjNWEtNDExMy1iNmZhLWFlYzkyZmUxYmZhYgBGAAAAAAA9y4rVoTitQ41KBi-XzhbJBwB3-TbRDAeLQLdR49f04FklAAAAAAEGAAB3-TbRDAeLQLdR49f04FklAABu6AR5AAA=","startDateTimeUtc":"@utcNow()","endDateTimeUtc":"@addDays(utcNow(), 6)"},"host":{"apiId":"/providers/Microsoft.PowerApps/apis/shared_office365","connectionName":"shared_office365","operationId":"GetEventsCalendarViewV3"},"authentication":{"value":"@json(decodeBase64(triggerOutputs().headers['X-MS-APIM-Tokens']))['$ConnectionKey']","type":"Raw"}}},"Initialize_variable":{"runAfter":{"ListMyTasks":["Succeeded"]},"type":"InitializeVariable","inputs":{"variables":[{"name":"TASKS","type":"array","value":"@outputs('ListMyTasks')?['body/value']"}]}},"Initialize_variable_1":{"runAfter":{"GetCalendarEvents":["Succeeded"]},"type":"InitializeVariable","inputs":{"variables":[{"name":"SLOTS","type":"array","value":"@outputs('GetCalendarEvents')?['body/value']"}]}},"HTTP":{"runAfter":{"Initialize_variable_1":["Succeeded"]},"type":"Http","inputs":{"uri":"https://web-production-15ac8.up.railway.app/assign-tasks","method":"POST","body":{"tasks":"@variables('TASKS')","slots":"@variables('SLOTS')"}},"runtimeConfiguration":{"contentTransfer":{"transferMode":"Chunked"}}},"Parse_JSON":{"runAfter":{"HTTP":["Succeeded"]},"type":"ParseJson","inputs":{"content":"@body('HTTP')","schema":{"type":"array","items":{"type":"object","properties":{"date":{"type":"string"},"dayOfWeek":{"type":"string"},"reservationEnd":{"type":"string"},"reservationTime":{"type":"string"},"taskId":{"type":"string"},"taskName":{"type":"string"}},"required":["date","dayOfWeek","reservationEnd","reservationTime","taskId","taskName"]}}}},"For_each":{"foreach":"@outputs('Parse_JSON')['body']","actions":{"CreateOutlookEvent":{"metadata":{"flowSystemMetadata":{"portalOperationIconOverride":"https://conn-afd-prod-endpoint-bmc9bqahasf3grgk.b01.azurefd.net/v1.0.1751/1.0.1751.4216/office365/icon.png","portalOperationBrandColorOverride":"#0078D4","portalOperationId":"/providers/Microsoft.PowerApps/apis/shared_office365/apiOperations/V4CalendarPostItem"}},"type":"OpenApiConnection","inputs":{"parameters":{"table":"AAMkADZhNTIzNzJjLTNjNWEtNDExMy1iNmZhLWFlYzkyZmUxYmZhYgBGAAAAAAA9y4rVoTitQ41KBi-XzhbJBwB3-TbRDAeLQLdR49f04FklAAAAAAEGAAB3-TbRDAeLQLdR49f04FklAABu6AR5AAA=","item/subject":"@item()['taskName']","item/start":"@items('For_each')['reservationTime']","item/end":"@items('For_each')['reservationEnd']","item/timeZone":"(UTC+01:00) Brussels, Copenhagen, Madrid, Paris","item/requiredAttendees":"lauritxi@powerbicio.onmicrosoft.com","item/showAs":"busy"},"host":{"apiId":"/providers/Microsoft.PowerApps/apis/shared_office365","connectionName":"shared_office365","operationId":"V4CalendarPostItem"},"authentication":{"value":"@json(decodeBase64(triggerOutputs().headers['X-MS-APIM-Tokens']))['$ConnectionKey']","type":"Raw"}}}},"runAfter":{"Parse_JSON":["Succeeded"]},"type":"Foreach"}}},"connectionReferences":{"shared_planner":{"connectionName":"shared-planner-efb86229-6db9-428a-8873-6e36daafb790","source":"Invoker","id":"/providers/Microsoft.PowerApps/apis/shared_planner","tier":"NotSpecified","apiName":"planner","isProcessSimpleApiReferenceConversionAlreadyDone":false},"shared_office365":{"connectionName":"shared-office365-f6652970-3ec8-455f-ada3-a15afaa35fda","source":"Invoker","id":"/providers/Microsoft.PowerApps/apis/shared_office365","tier":"NotSpecified","apiName":"office365","isProcessSimpleApiReferenceConversionAlreadyDone":false}},"flowFailureAlertSubscribed":false,"isManaged":false}}